{
  "project_info": {
    "project_number": "594957501495",
    "project_id": "bhakinworkos",
    "storage_bucket": "bhakinworkos.appspot.com"
  },
  "client": [
    {
      "client_info": {
        "mobilesdk_app_id": "1:594957501495:android:56295266b7be4ab460abb2",
        "android_client_info": {
          "package_name": "com.example.workos_english"
        }
      },
      "oauth_client": [
        {
          "client_id": "594957501495-kotc2ein2knboao7takutqhft3ej47e6.apps.googleusercontent.com",
          "client_type": 1,
          "android_info": {
            "package_name": "com.example.workos_english",
            "certificate_hash": "e0e92120a4e0f77f0faab0bae1972ce7aa535e01"
          }
        },
        {
          "client_id": "594957501495-84439stgnr7s1ieqodrah0953r1puifs.apps.googleusercontent.com",
          "client_type": 3
        }
      ],
      "api_key": [
        {
          "current_key": "AIzaSyB-WZCPe5g28z7kKUJwELqSG6Vc6qyJjpg"
        }
      ],
      "services": {
        "appinvite_service": {
          "other_platform_oauth_client": [
            {
              "client_id": "594957501495-84439stgnr7s1ieqodrah0953r1puifs.apps.googleusercontent.com",
              "client_type": 3
            }
          ]
        }
      }
    }
  ],
  "configuration_version": "1"
}