{
  "project_info": {
    "project_number": "401314416302",
    "project_id": "online-store-cf0a4",
    "storage_bucket": "online-store-cf0a4.appspot.com"
  },
  "client": [
    {
      "client_info": {
        "mobilesdk_app_id": "1:401314416302:android:b6825062d5497b95038f3f",
        "android_client_info": {
          "package_name": "com.bhakin947.online_store"
        }
      },
      "oauth_client": [
        {
          "client_id": "401314416302-rb75k454coc0ck0o687sjuptatp4bcjq.apps.googleusercontent.com",
          "client_type": 1,
          "android_info": {
            "package_name": "com.bhakin947.online_store",
            "certificate_hash": "e0e92120a4e0f77f0faab0bae1972ce7aa535e01"
          }
        },
        {
          "client_id": "401314416302-rvclonimlr2gjbbnp16pfa6omb1b6b9c.apps.googleusercontent.com",
          "client_type": 3
        }
      ],
      "api_key": [
        {
          "current_key": "AIzaSyCbiruMSi9CUzAvy_V3gV04xxiYdhT51Ns"
        }
      ],
      "services": {
        "appinvite_service": {
          "other_platform_oauth_client": [
            {
              "client_id": "401314416302-rvclonimlr2gjbbnp16pfa6omb1b6b9c.apps.googleusercontent.com",
              "client_type": 3
            }
          ]
        }
      }
    }
  ],
  "configuration_version": "1"
}